Ukrainian,English
я,I
не,not
в,in
що,what
на,on
це,it
ти,you
что,What
так,so
у,in
і,and
и,and
з,with
а,and
ми,we
все,all
тебе,you
він,he
як,as
за,by
ви,you
с,with
до,to
мене,me
он,He
мені,to me
ні,No
але,but
мне,me
да,yes
как,As
просто,simply
меня,me
нет,NO
тут,here
для,for
його,him
п,pp
о,at
но,but
то,then
ну,Well
знаю,I know
про,about
нас,us
вас,you
вони,they
вона,she
тобі,you
там,there
якщо,if
ще,more
та,and
добре,fine
щоб,in order to
є,is
вам,you
нам,for us
хочу,I want
коли,When
же,the same
вже,already
було,It was
її,her
був,was
може,maybe
чи,or
дуже,very
від,from
чому,Why
буде,will
хто,who
давай,Come on
тому,ago
де,where
треба,need
думаю,I think
того,that
їх,their
щось,something
гаразд,OK
цього,that
зараз,now
нічого,nothing
моя,my
тільки,only
бути,to be
один,one
уже,already
й,and
можу,can
тепер,now
мій,my
ось,here
дякую,thank you
раз,time
знаєш,You know
вот,here
через,by
всі,all
бо,for
правда,truth
без,without
себе,himself
більше,more
тоді,then
час,time
день,day
ладно,okay
можна,can
була,was
боже,God
будь,be
йому,him
лише,only
ним,him
привіт,Hello
них,them
навіть,even
ніколи,never
знаешь,You know
буду,I will
би,would
зі,out
немає,no
хочеш,You want
нього,him
цей,this
чого,What
життя,life
теж,also
люди,people
твоя,your
сказав,said
ещё,Ev
людей,people
або,or
свою,your own
який,which
сюди,here
таке,Such is
даже,Even
із,from
тобою,you
були,were
два,two
краще,better
завжди,always
багато,many
сьогодні,today
точно,exactly
ласка,affection
той,that
сам,himself
мною,me
тоже,Also
має,has
прошу,Please
маю,I have
мама,mum
зробити,make
сказати,say
сказала,She said
назад,back
які,which
можеш,You can
тобою,You
трохи,slightly
потрібно,necessary
ці,these
ага,Aha
саме,exactly
хотів,Wanted
можеш,You can
під,under
три,three
можете,You can
років,years
собі,itself
скажи,Say
пане,Mr.
робити,do
знову,again
твій,thy
люблю,I love
наш,our
сегодня,Today
потім,then
ніж,than
гей,gay
дай,Give
перед,before
завтра,tomorrow
вами,you
яка,What
одного,one
ваша,your
цьому,that
ваш,your
знаєте,You know
цю,this
сказати,Say
ніхто,no one
сюда,here
нами,us
можливо,perhaps
після,after
значить,Meaning
прямо,direct
неї,her
скільки,How many
одна,one
чудово,perfectly
давайте,Let's
бачив,saw
такий,such
кого,whom
хтось,someone
сер,sir
їй,her
ця,This
мою,mine
усе,all
разом,together
їм,them
куди,where
звичайно,Of course
справді,really
поки,until
всегда,All
мої,my
гроші,money
цим,hereby
міг,could
том,volume
маєш,You have
хіба,unless
повинен,should
друг,friend
можно,can
дня,the day
досить,enough
можемо,We can
зробив,did
над,over
хоче,Wants
якби,if
могли,could
місце,place
воно,it
часу,time
робиш,You do
хлопці,Guys
вибачте,Sorry
додому,home
весь,all
руки,Hands
ясно,clear
вибач,Sorry
лікар,doctor
повинні,should
говорить,says
мого,mine
нема,No
йди,Go
думаешь,You think
немного,a little
навіщо,why
мабуть,apparently
твою,yours
зачем,Hair
чоловік,man
ходімо,Come on
сталося,It has happened
звідси,from here
занадто,too
мати,have
скажу,I will say
скоро,soon
сталося,happened
нормально,normally
здається,seems to be
пані,Mrs.
всіх,all
також,also
кілька,several
брат,brother
моє,my
подобається,Like
чорт,devil
сама,itself
думаєш,You think
потім,then
такого,Such
казав,He said
розумію,I understand
батько,father
отже,so
зробив,did
таким,like this
могла,could
тим,that
швидше,rather
жаль,pity
туди,there
речі,things
знати,know
свої,your
хочете,Want
одну,one
ім,them
думав,I thought
можем,Maybe
під,under
допомогти,help
людина,man
куди,where
яку,What
правильно,right
давно,long
зовсім,completely
при,at
всю,All
бачу,I see
видел,See
думала,I thought
така,Such
знав,He knew
йти,to go
знайти,find
дещо,something
додому,Home
нею,her
знає,knows
наша,our
далі,further
усі,All
слухай,Listen
ними,they
батько,Father
машину,car
нравится,To be liked
дійсно,really
мав,had
кто-то,one
звісно,Of course
вперед,forward
разу,once
никто,Nica
мои,My
разве,ALWAYS
сколько,Skolko
отлично,Clearly
человек,man
гадаю,I think
тот,Tot
слова,words
звідки,where
шкода,damage
справа,case
чим,What
ті,those
проти,against
похоже,Crown
мамо,Mom
піти,leave
чарлі,Charlie
свого,your own
номер,number
справи,affairs
дома,at home
пару,pair
такі,Such
знала,She knew
хотела,Hotel
одно,one
тож,So
голову,head
знать,nobility
сім,seven
нехай,let
понимаю,I do
увазі,ITS
поговорить,will talk
знаете,You know
фп,FP
син,son
место,Mesto
иди,Go
бачиш,You see
кажется,It is said
найти,Find
свій,your
тобто,that is
взагалі,in general
пішли,went
сказали,They said
ять,Yat
будешь,You will
хочет,It wants
будеш,You will
жизни,Life
деньги,Mothers
слушай,Listen
відбувається,happens
розумієш,You understand
кбй,KBY
ме,me
пішов,left
мистер,Master
наші,our
якого,whose
поговорити,speak
порядку,order
что-нибудь,something
ой,Oh
думал,thought
хоч,though
оу,OU
ваше,your
тих,Those
проблема,problem
хотіла,I wanted
роботу,work
ради,Council
ох,Oh
будемо,We will
двері,door
хлопець,boy
потрібна,needed
будем,We will
стоит,Standing
знает,I know
світ,world
чув,Heard
времени,Time
майже,almost
м,m
тату,Dad
можуть,can
именно,named
пора,time
зрозумів,understood
насправді,actually
своей,Own
бачити,see
швидко,quickly
тато,dad
совсем,Sow
твої,your
всем,all
лишь,Only
цих,these
говорил,spoke
бог,God
еянбй,Eyanbi
кажу,I say
наших,ours
простите,Pipe
схоже,It looks like
права,right
своє,your own
говорю,I say
дом,home
чувак,dude
сильно,strongly
піду,I'll go
слово,word
раніше,before
ту,Thou
будуть,will
моего,We are
потрібен,needed
пґп,PGP
алло,Hello
питання,question
між,between
прийшов,came
доброго,Good
тем,topics
жінка,woman
должно,Darling
знал,You knew
какой,What
смерть,death
дітей,children
деле,Del
добрий,good
шанс,chance
нужна,need
одне,one
десь,somewhere
колись,once
мало,small
означає,means
черт,a snore
ніби,as if
ваші,yours
твоей,yours
говорити,speak
друга,a friend
происходит,It will take place
геть,away
всього,Total
варто,worth
значить,So
яке,What
інші,others
досі,still
зв,City
раньше,Earlier
руку,hand
аби,that
туда,Tuda
твоє,your
джон,John
маєте,have
занадто,too
хай,let
действительно,Acting
дві,Two
маємо,We have
план,plan
уверен,Im
пошли,They sent
чём,What
ден,Dan
довго,long
хватит,Hvatit
каже,He says
своїх,theirs
кое-что,Koe-CHTO
нашу,ours
великий,big
нужен,Need
побачити,see
щодо,of
біса,The hell
понял,Little
ребята,Rebates
папа,pope
отсюда,Otto
несколько,not
біля,near
верно,Verno
жити,live
послухай,Listen
правду,the truth
идти,to go
хороший,good
твои,yours
негайно,immediately
ким,by whom
свои,your own
уж,Uzh
мать,Mother
пор,cf
иб,ib
говорила,She said
оно,it
дела,Del
хвилин,minutes
далеко,far
таких,Such
вашу,your
мушу,I must
свой,your own
робота,work
работу,work
хотите,Walk
нее,is not
усіх,All
будете,you will
дайте,Give
батька,Father
убить,Kills
машина,machine
важко,hard
итак,ITAK
твого,yours
тех,TECH
легко,light
самом,by itself
очі,Eyes
хоча,though
ко,ko
кожен,everyone
спасибі,Thanks
щойно,just
против,opposing
виду,a species
имя,Name
собою,by yourself
курва,whore
діти,children
цієї,this
вообще,In general
світі,the world
роботи,work
доведеться,will have
погано,badly
рада,council
понимаешь,You will go
готовий,finished
ах,Ah
перший,first
вбити,to kill
працює,working
грошей,money
знайшов,found
робить,makes
радий,glad
кому,whom
ніч,night
року,the year
говори,Talk
момент,moment
дивись,Look
серйозно,seriously
напевно,definitely
такая,Such
надеюсь,I hope
послушай,Listen
роки,years
землі,land
заради,for
стій,Stop
неё,is not
проблем,problems
честь,honor
мпх,MPH
вітаю,Congratulations
ранку,a.m.
говорит,Talking
телефон,phone
зробили,have done
вдома,home
равно,Raven
жить,Live
будинок,house
брата,brother
іди,Go
король,king
бачили,seen
круто,cool
подожди,overlook
знаємо,We know
будут,will
потрібні,are required
цій,this
нельзя,Nelya
дам,lad
смерті,death
возьми,DOES
знали,They knew
ноги,legs
старий,old
моєї,mine
убил,killed
хотя,Although
когось,someone
тихо,quietly
хоть,Although
взяти,take
побачення,date
новий,new
проблеми,problems
бувай,Goodbye
джек,Jack
місці,place
будто,Tudo
сестра,sister
моїх,mine
містер,Mr.
слід,trace
бачила,She saw
стати,become
извини,Illina
наверное,Narnoe
готова,Ready
нашого,ours
готов,Ready
видеть,Lead
якось,somehow
пойду,I will go
прекрасно,Great
джо,Joe
вся,All
отче,Father
своего,your own
посмотри,Small
рік,year
бога,God
повинна,should
всім,to all
другой,the second
мала,Small
зачекай,Wait
наче,as if
наше,our
видела,Vidala
откуда,Clear
кінець,end
чоловіка,man
знайшли,found
рядом,by a series
працювати,work
візьми,Take it
річ,thing
дитина,child
сина,Son
інших,others
нарешті,finally
зовут,The name
ночь,Night
мам,moms
двох,two
якийсь,some
смогу,Smog
здорово,Wow
надто,too
йде,goes
пойти,To eat
вижу,I get
мають,have
кажуть,They say
мир,peace
агов,hey
абсолютно,absolutely
чотири,four
звати,call
видишь,You see
сделала,She made
більш,more
прав,the right
ночі,nights
зрозуміло,of course
маленький,small
місто,city
достаточно,sufficiently
моїм,mine
йдемо,We go
лайно,shit
часто,often
дні,days
впевнений,assured
собираюсь,I am
человека,man
моєму,Mine
стільки,so much
зроблю,I will do
говорив,said
друже,friend
йду,I go
почти,to fly
ідея,idea
днів,days
дати,give
людям,People
чуєш,You hear
інакше,otherwise
минут,Minima
зможу,I can
скажеш,You will say
месте,Meste
пан,Mr.
ятаєш,You do not
вопрос,Question
могут,May
между,only
дружина,wife
світу,the world
землю,Land
говоришь,You say
извините,Izvinite
кров,blood
помощь,help
будинку,at home
вашого,yours
вірно,True
которая,KOTORYA
десять,ten
долго,Dolgo
твоего,yours
вроде,Wheat
ваших,yours
вообще-то,In general
вб,VB
детей,Detae
люба,beloved
одним,one
смотри,Smoke
вещи,hey
яким,What
іншого,another
своїм,to your own
ятаю,I pine
важно,Important
самого,himself
розумієте,You see
гарно,good
произошло,It was missed
тримай,Hold
серце,heart
забудь,Forget
более,pain
хочуть,They want
рад,Rad
собой,Cathed
яких,whose
нікого,no one
справу,the case
имею,I am
цікаво,interesting
вчора,Yesterday
гарна,beautiful
став,pond
самое,Self
житті,life
самі,themselves
любить,Likes
нашли,They were
говорили,They talked
спати,sleep
знаем,We know
друзі,Friends
уверена,Called
рано,early
парня,The steam room
поглянь,Look
повернутися,return
увидеть,Import
мило,soap
дав,gave
отца,Father
прийшли,came
вернуться,They will return
такие,Takye
інше,Other
вина,fault
х,X
деякі,some
своих,their own
помер,died
інший,another
зробила,made
перевод,transfusion
ого,Oho
чёрт,Chort
само,itself
достатньо,enough
робив,did
смерти,death
работа,work
перестань,Stop it
часом,sometimes
приємно,pleasantly
кем,Kem
доки,until
велика,Great
дівчина,girl
сподіваюся,I hope
вниз,down
зможеш,You can
спочатку,first
плохо,Swing
дім,House
підемо,Let's go
вчера,Out
чесно,fair
теде,Ted
стало,became
наши,Those
дивно,amazingly
місця,places
никаких,Nikki
причина,reason
стать,sex
пізніше,later
стала,became
хлопця,guy
спокійно,quietly
бхфь,BHF
вон,Von
сон,sleep
води,water
адже,After all
отримав,got
годі,No
містере,Mr.
другом,a friend
виглядає,looks
насчет,Spring
нашей,ours
вогонь,fire
близько,close
право,right
алан,Alan
короля,King
га,Ha
секунду,second
отримати,get
пєп,The little one
мое,my
одному,one
которую,I do
хм,hmm
прийти,to come
гарний,good
живе,Live
вірю,I believe
дальше,Further
моим,Moem
голос,voice
роблю,I do
взять,take
говорите,You say
какая,Kakaya
іноді,sometimes
робите,Making
вода,water
крім,except
весело,fun
последний,Lastly
міста,cities
мисс,Mes
трапилося,happened
школу,school
шлях,way
останній,last
подумав,I thought
жена,The wife
сердце,Heart
денег,Deneg
обов,Ob
власне,Actually
лиш,Only
невже,Is it
делает,Delaet
сможешь,Smoke
серьезно,Service
повернувся,Returned
глаза,Eye
кожного,Each
здоров,health
голова,head
мали,had
дети,where are you
народ,people
прийде,will come
опять,Real
бачите,You see
таки,still
помнишь,You will remember
ночью,Night
оце,This is
чекай,Wait
страшно,terrible
дверь,Door
пойдем,Let's go
ха,ha
узнать,Learn
врн,VRN
обличчя,face
важливо,importantly
аж,until
чувствую,I am sensitive
вбив,killed
моих,My
дней,the days
иногда,Innogda
дороги,roads
боюся,I'm afraid
вставай,Get up
руках,hands
хотіли,Wanted
боюсь,I'm afraid
жінки,Women
года,HOUSE
воду,water
вашей,yours
кровь,Blood
дому,home
обережно,carefully
забув,Forgot
їсти,eat
нікому,no one
ваши,your
очевидно,obviously
кто-нибудь,one
случае,Like
машини,cars
тиждень,week
гаррі,Harry
работает,robota
увидимся,Let's go
забирай,Take away
готові,ready
пробач,Excuse
якісь,Some
поліція,police
фб,FB
фото,Photo
хочемо,We want
скажіть,Say
пусть,Letter
мертвий,dead
блядь,The tin
работать,work
уйти,shoot through
припини,stop
ух,Uh
рацію,Right
одной,One
думаєте,You think
казала,She said
вийде,It will turn out
взяв,took
кроме,Krome
вечір,evening
пес,dog
сразу,at once
девушка,The girl
переводчики,Handrails
відчуваю,I feel
рассказать,Swash
сначала,She was guaranteed
обо,tion
маму,Mom
дитину,baby
ночи,night
панове,gentlemen
милая,Sweetheart
наступного,next
оба,both
слава,glory
грати,play
утром,The result
зроби,do
пять,five
годин,hours
разів,times
нашел,Nar
часть,Part
взяли,took
майкл,Michael
навколо,around
гйб,Gib
живий,live
покажи,Show
тисяч,Thousands
какого,What
повідомлення,message
идея,Idey
пізно,late
ніяких,No
нового,new
перепрошую,Sorry
видели,Vedid
зброю,weapons
зробимо,Let's do
знають,know
умер,died
місіс,Mrs.
доме,Home
крови,blood
нашої,ours
столько,Stolko
ок,OK
боб,Bob
придется,will be acquired
семья,Semia
стой,Stoy
стоп,stop
женщина,The woman
пробачте,Excuse me
світло,light
рішення,decision
сделаю,I do
зрозуміти,understand
людьми,by people
вранці,in the morning
дочь,daughter
понять,concepts
пройти,pass
їхати,go
допоможіть,Help
допомога,help
збираюся,I am going
ї,her
мужик,peasant
утро,the morning
хвилинку,a minute
чекає,Waiting
помню,I remember
остаться,remain
поруч,near
кого-то,Someone
вернулся,Returned
чтоб,What
забрати,take
также,Also
поняла,She came
роблять,do
приятель,friend
коли-небудь,sometime
неможливо,impossible
моїй,mine
любий,dear
типа,type
народження,birth
майбутнє,future
усім,to all
работе,work
єдиний,only
чекати,wait
твоєї,yours
довольно,Quite
комп,comp
миссис,Myssyis
таку,Such
історія,history
матері,Mother
шоу,show
поверить,Read
часов,time
вечером,in the evening
странно,Stranno
покажу,I will show
две,Two
кажи,Say
кофе,Coffe
добраніч,Good night
друзья,Friend
любовь,Love
відразу,at once
мусиш,You must
говорят,Talk
перш,first
якому,Who
роби,do
могло,could
двоє,Two
говориш,You say
пити,drink
іншим,to others
подумала,I thought
скорее,Score
місті,city
команда,team
звуть,name
любов,love
вирішив,I decided
правила,rules
муж,man
повернути,return
твое,your
набагато,lot
ані,nor
дорогая,Road
існує,exist
місяць,moon
своим,to your own
настільки,so
години,hours
якась,Something
дать,give
больно,Pain
приятно,Friendly
пришел,School
хорошая,Good
фпх,FPH
пришла,Come
дали,gave
детектив,detective
нашим,ours
ключ,key
матір,Mother
никого,no
хлопчик,boy
которой,Cotomy
своєму,to your own
уе,WE
фільм,movie
даруйте,Great
безопасности,Seasonlessness
сих,Sich
правий,right
допоможе,will help
стали,steel
значення,value
повірити,believe
тіло,body
залишити,keep
менше,Less
кажеш,You say
жив,lived
кохання,love
пішла,has gone
сто,hundred
виходить,It turns out
випадок,case
парни,paired
которого,which
поїхали,They went
чула,She heard
лицо,Lyzo
стане,will become
богу,God
війни,wars
собираешься,You will be
твоїх,yours
подумал,thought
що-небудь,anything
врятувати,save
докторе,Doctor
сша,USA
наприклад,example
чарли,Charles
міс,miss
рш,p
неправильно,wrong
доларів,dollars
делал,Delall
почекай,Wait
пришлось,It came
фпн,FPN
дивіться,See
капітан,captain
стал,steel
ьфй,Lyfy
шість,six
зможемо,We can
заткнись,Shut up
здравствуйте,Hello
вперше,for the first time
відповідь,reply
полагаю,I spare
лікар,doctor
дала,gave
хлопче,Boy
годину,an hour
сделали,They made
почав,started
дев,nd
чжун,Zhong
вулиці,streets
дорогу,The road
хуже,Hugs
наскільки,as far as
алекс,Alex
підеш,You will go
макс,Max
своєї,his own
частина,part
звучить,Sounds
упх,UPH
смішно,ridiculously
любит,love
секс,sex
пути,Pat
видно,Apparently
кінця,end
жодного,none
вважаю,I think
думати,think
сили,strength
год,hours
прежде,The prejudice
живу,Live
чином,way
моё,my
клянусь,I swear
прийшла,came
показати,to show
звучит,sound
будьте,Be
кохаю,I love
нашла,Switches
вийти,go out
йдіть,Go
скажешь,You say
побачив,saw
земля,Earth
получил,Hallowed
ньому,it
сідай,Sit down
друзів,friends
зупинити,stop
провести,to hold
купити,buy
типу,type
чудовий,excellent
вернуть,Return
поздно,afternoon
серед,among
всередині,within
вернусь,I will return
какие,Kuckie
корабель,ship
спосіб,way
вашего,Your
думаете,You think
получить,will receive
пришли,They came
послухайте,Listen
історії,stories
працюю,I work
посмотреть,Smolt
минулого,past
вночі,at night
молодець,Well done
зможе,can
пір,pores
агент,agent
людини,man
розповісти,to tell
книгу,Book
как-то,somehow
большой,Bolsha
принаймні,at least
дозвольте,Allow
внимание,Invnation
семьи,Seven
слухайте,Listen
обратно,back
неймовірно,incredible
жодних,no
раптом,suddenly
честно,honestly
людину,man
заспокойся,Calm down
новини,news
постійно,constantly
язок,Land
хей,Hey
рпх,RPH
пара,couple
купив,bought
намагався,tried
список,list
допоможи,Help
угодно,pleased
ненавиджу,I hate
суд,court
понятно,Cathole
позже,Ski
випадку,case
следует,Sleep
секунд,seconds
ребенка,Rebenko
нові,New
щастя,happiness
брь,Brove
тело,TEO
йдеш,You go
недавно,recently
переклад,translation
впевнена,I am sure
війна,war
смог,smog
отношения,Report
когда-нибудь,Kogda-none
цілком,quite
бери,Take it
подумай,Think
думали,thought
имеет,Imeet
дерьмо,shit
вести,lead
доброе,Good
ума,The mind
кімнаті,room
зачекайте,Wait
джордж,George
подивися,Look
следующий,The following
спробувати,try
думать,Think
непогано,not bad
вашим,yours
места,Menta
ждать,Wait
свое,your own
иначе,It is
неужели,Non -found
сможет,Smoker
сигнал,signal
е,is
написано,Written
интересно,Interest
сила,power
боку,sides
сторону,side
где-то,somewhere
пов,The floor
спершу,at first
другого,the second
хвилюйся,worry
насколько,Sleep
станет,Stanet
думку,opinion
н,N
город,backyard
сара,Sarah
залиш,leave
повністю,fully
школи,school
великі,Large
другий,second
гадаєш,You think
окей,Okay
залишив,left
батьки,parents
волосся,hair
нашего,ours
хотели,Hotels
затем,The jar
язниці,Virgin
піде,will go
начала,The beginning
лікарні,Hospitals
сезон,season
крові,blood
майк,Mike
посмотрим,Impress
скажете,Say
особливо,especially
твоим,yours
идем,We will
казати,say
місяців,months
какой-то,What is something
супер,super
повернуся,I will come back
поліції,police
взяла,She took
останні,the last
джеймс,James
дивитися,watch
зробиш,Do you
стану,state
мире,The world
чую,I hear
замість,instead
пол,Paul
член,member
способ,way
брати,take
мадам,madam
звідти,from there
твоїм,Thy
адвокат,lawyer
жахливо,terribly
цілий,whole
прошлой,Pull
внизу,below
обіцяю,I promise
гірше,worse
имеешь,You have
других,others
чисто,purely
оружие,Ore
померти,die
початку,the beginning
силу,power
побачиш,You will see
никому,no
чути,hear
держи,Burden
пап,Pap
спать,Sleep
вибір,choice
ем,EM
мужчина,man
хлопців,guys
делаю,I delay
змінити,change
зайти,enter
верю,Vita
твоєму,yours
моєю,mine
своїй,to your own
добро,good
другие,Second
брате,brother
ребенок,The baby
справжній,real
синку,Son
доктора,Doctor
безпеці,security
президент,president
нікуди,nowhere
лойза,Loes
хороша,good
обещаю,I will give
рождения,Born
внутри,Intra
померла,She died
ходи,The moves
начать,Start
дал,Dal
подарунок,gift
буває,happens
телефону,the phone
тримати,keep
взял,took
ужасно,Turnover
сделаем,We shed
принести,bring
делай,Deli
решил,Reshil
почали,started
подивитися,look
візьму,I'll take it
вид,view
оставить,will leave
жінок,women
вечора,p.m.
спасти,to save
дівчата,Girls
тримайся,Hold on
мере,a number of
стає,becomes
побачимося,See you
почуття,sense
збираєшся,You gather
сможем,Smoke
чули,Heard
конец,Conec
спробуй,Try
джейк,Jake
перша,first
кстати,to
своєю,by his own
вашої,yours
готово,Finished
сюрприз,surprise
поможет,will help
ввечері,Tonight
чудова,wonderful
страх,fear
мами,moms
всьому,everything
емі,Amy
втратив,lost
любишь,You love
нем,No
завгодно,You want
винен,guilty
удар,shock
капітане,Captain
їдемо,Let's go
зміг,could
якраз,just
звук,sound
наступний,following
трьох,three
ам,am
чогось,something
мальчик,The fry
зустріч,meeting
дізнатися,learn
поле,field
пистолет,Pistol
хотят,Like
чан,vat
шляху,the way
штука,thing
даю,I give
шо,sho
магазин,shop
серьёзно,Serious
машині,by car
рахунок,score
смотреть,Watch
дуґале,Dougale
забрали,They took away
прекрати,to get off
шукати,search
квартиру,apartment
завдання,task
рука,hand
чай,tea
дівчинка,girl
зрештою,finally
нова,New
убийство,murder
голові,head
думай,Think
рук,hands
боляче,painful
почати,begin
леди,Lady
твоих,yours
відмінно,perfectly
новости,News
другу,Second
трудно,It is difficult
детка,Deta
школі,school
леді,lady
робимо,We do
такою,Such
вбили,Killed
намагаюся,I try
вечер,Evening
зрозуміла,Clear
біжи,Run
гра,game
случай,Slive
полиция,Polycia
часа,Time
дозволь,permit
авто,auto
історію,history
комнате,Comnate
компанії,companies
ходить,Walking
вийшло,It turned out
сука,bitch
відомо,known
спросить,Imprets
убили,Killed
разі,case
подруга,girlfriend
какое,Kakoe
просимо,Please
твоё,your
вистачить,Enough
осталось,It remained
сил,strength
дивися,Look
знак,sign
любиш,You love
бен,Ben
авжеж,of course
поїхати,go
роль,role
станеться,will happen
убийца,The mud
декілька,few
пґя,PGYA
делаете,Do you
протягом,for
обох,both
школе,school
своїми,by your own
ужин,Divine
ній,it
пістолет,pistol
залишитися,stay
вдалося,succeeded
вдруг,a second
знайду,I will find
принесу,I will bring
мила,Sweetheart
книги,books
знайшла,found
которое,Cotoroe
ніщо,nothing
проте,but
зустрічі,meetings
часи,times
ближче,Closer
залишилося,left
двое,Two
нове,new
язково,Language
виглядаєш,You look
матери,Mother
запах,scent
погоди,the weather
маленька,Little
зробить,will do
отримали,got
тисячі,Thousands
працював,worked
днем,by day
кажучи,saying
чоловіки,Men
рот,mouth
королева,queen
допомогу,help
якою,What
придётся,They get
дорога,road
приїхав,arrived
мить,moment
холодно,coldly
узнал,Establishment
прощения,Farewell
мм,mm
знайдемо,Let's find
речей,things
ніяк,any
думки,thoughts
такому,It is
відчуття,feeling
остановить,will stand out
дорозі,Road
повернеться,will come back
велике,Great
обидва,both
повітря,air
повір,Believe
тієї,that
вихід,Entrance
великого,Great
поговоримо,Let's talk
добра,Good
пощастило,Lucky
путь,way
ласкаво,affectionately
помогите,Help
прошло,It took place
уфп,UFP
крізь,through
весілля,wedding
книга,book
пошел,sewed
двух,Two
чуть,A little bit
обязательно,Obtained
забери,Take away
найкращий,best
запитати,to ask
пошла,Sent
мільйонів,millions
такими,Such
купить,Buy
волнуйся,Walk
війну,war
кейт,Kate
хвилину,a minute
нему,There is no
одразу,immediately
малий,small
називається,is called
иду,go
понимаете,You do
глянь,Look
друзей,Friend
лорд,lord
либо,Liba
легше,lighter
знают,I know
клас,class
цією,This
второй,Crown
подождите,Override
жінку,a woman
приніс,brought
можливість,possibility
дівчину,Girl
хто-небудь,who ever
вокруг,Varugue
постоянно,constantly
подивись,Look
дорогой,Dear
вбивство,murder
людиною,by man
полиции,Polycia
говоря,Speech
завдяки,thanks to
подивіться,Look
заходь,Come on
понятия,To understand
порядок,order
встретиться,will stretch
сделай,Sadlai
ходити,walk
твоїй,yours
битися,fight
фбр,FBI
оскільки,because
ди,di
забрать,Take away
випити,to drink
жива,alive
минуту,the past
байдуже,indifferently
родители,Birth
машине,Machine
джессі,Jesse
пиво,beer
дядько,uncle
дякуємо,Thank you
якусь,some
насчёт,Spring
крок,step
якої,which
гру,The game
повинно,should
тижні,weeks
костюм,suit
неделю,Nesel
дружину,wife
увага,WARNING
взагалі-то,generally
чоловіком,by a man
сонце,sun
пояснити,to explain
віддай,Give
вино,wine
история,History
наказ,order
подальше,further
пёп,Pep
сообщение,Consumption
місяці,months
тижня,a week
своё,Own
слушайте,Listen
пітер,Peter
довелося,I had to
нашому,ours
оставил,Abstained
дон,Don
спокій,rest
закон,law
уходи,Entries
сину,Son
старший,senior
фпхт,FPHT
собирался,Stone
факт,fact
богом,God
увесь,all
позвонить,will be called
повезло,lucky
пё,p
дядя,Uncle
поговорим,Power
крайней,Extreme
двадцять,twenty
тяжело,Heavily
отець,Father
зазвичай,Usually
сидіти,sit
голови,heads
неплохо,not bad
забирайся,Get out
замуж,married
мусимо,We must
схожий,similar
решение,Affiliate
гм,Ahem
запам,Smell
показать,Show
музика,music
пришёл,Sleep
ногу,leg
угу,UGU
господа,Lord
тедді,Teddy
ненавижу,Hate
справі,the case
прийом,reception
віддати,give
убийства,murder
якій,to whom
зажди,always
любила,loved
месяцев,Mesjatzev
єдина,The only one
йдуть,They go
почути,hear
наркотики,drugs
хотим,Khoty
іншому,to another
пана,Mr.
записи,Records
пива,Beer
роботі,work
дідько,devil
человеком,man
играть,Play
около,Over
томас,Thomas
серия,Seria
чимось,something
назавжди,forever
моем,MOEM
велику,Great
думає,thinks
вашому,yours
поводу,Stork
ключі,Keys
большое,Bolsha
хвилини,minutes
позволь,I let
идет,Ed
последнее,Last
ідіть,Go
повний,full
ніякого,No
нбй,NBY
любви,Love
бажання,desire
проверить,will pierce
їхні,their
свидание,Svidanie
автобус,bus
вернулась,She returned
использовать,Toss
знищити,to destroy
хочеться,I want
стоїть,It stands
таком,such
дерева,trees
зброя,weapon
минутку,the traffic
слів,words
мужа,husband
чаю,tea
піп,Pip
трапилось,It happened
бою,battle
меньше,less
центр,center
иметь,Im
належить,belongs
жарт,joke
літак,plane
лучший,Trusted
поехали,They caught
жили,They lived
ён,оn
оставь,It is
сексом,sex
сподіваюсь,I hope
думает,Tumles
слухаю,I listen
компании,Company
умереть,Rest
згоден,agree
отцом,Father
сідайте,Sit down
приходить,comes
вигляд,appearance
семью,Samu
туалет,toilet
робили,made
искать,Pick up
неправда,falsehood
благаю,I beg
стоять,stand
господь,The Lord
поза,outside
держать,hold
головний,main
руками,hands
заходьте,Come in
ханна,Hannah
особисто,personally
подумати,think
комусь,to someone
душу,soul
найду,Naya
едді,Eddie
язку,Land
последние,Last
идёт,It will
казали,They said
море,sea
окрім,except
причини,reasons
еду,Ed
кімнату,room
успокойся,Calculate
никакого,Nikky
стояти,stand
найкраще,best
сподобається,Like it
всему,Everything
фзт,FZT
своими,by your own
трубку,tube
убт,UBT
кіно,cinema
директор,director
розкажи,Tell us
система,system
городе,City
пїп,Pip
кінці,ends
френк,Frank
перше,First
словно,word
урок,lesson
мусить,must
батьків,parents
золото,gold
мертва,dead
твоєю,yours
стривай,Hold on
подарок,gift
допоможу,I will help
хутко,quick
посмотрите,Small
чоловіків,men
шукаю,I am looking for
острів,island
тіла,body
старого,Old
душі,souls
ємо,EMO
работал,robotal
возьму,I take
нову,New
вместо,Veor
вип,Iss
гарні,good
дупу,ass
представить,will present
известно,Issue
безпеки,safety
році,year
зустрітися,to meet
милий,nice
головне,The main thing
вийшов,came out
доступ,access
цими,These
вісім,eight
написав,wrote
пожаловать,Power
шесть,Six
начал,The principal
чувства,sensations
полностью,fullness
чекаю,I am waiting
код,code
картер,casing
потерял,shaved
идите,Go
перевірити,verify
принять,They will come
енді,Andy
особенно,special
прокляття,curse
дає,gives
настолько,Infusion
нащо,Why
сложно,Small
нью-йорк,New York
камінь,stone
долларов,Dollarov
класно,Cool
другое,the second
щодня,daily
позволить,Will allow
половину,half
їжу,food
клуб,club
облиш,You lick
говорять,They say
небезпечно,dangerously
боль,pain
чувствуешь,You hear
тижнів,weeks
ура,Hooray
днк,DNA
братом,brother
ян,Jan
самому,herself
країні,country
вибачення,apology
цукуне,Tsukun
комнату,Comnate
собирается,Store
вікно,window
тип,type
звали,The name was
любом,Anyone
рассказал,Rascasal
парнем,steamed
скаже,will say
стара,Old
сядь,Sit down
образом,image
босс,Boss
девочка,Devochka
серця,hearts
рота,mouth
работаю,I work
плюс,plus
залишиться,will remain
сами,self
умерла,died
пойдём,I will go
кімната,room
пґ,PG
имени,Names
прийняти,to accept
фродо,Frodo
карл,Charles
уваги,attention
мертві,the dead
придурок,dork
поїду,I'll go
господин,Lord
збирається,is going
думка,opinion
батьком,Father
чему,something
єдине,The only one
уявити,imagine
лежить,lying
джей,Jay
ушла,Gone
шон,Sean
обід,dinner
батьку,father
году,HOW
стороне,side
імені,name
чекають,are waiting
су,Su
получится,will get
свет,Sweet
невозможно,Impossible
познакомиться,Put up
любой,Anyone
життям,life
стріляти,shoot
гори,Mountains
послушайте,Listen
недели,The unanswered
втекти,escape
защитить,To stretch
увидел,Invidel
захистити,to protect
больнице,Bolnice
усього,All
стоило,Stoilo
адам,Adam
ліжко,bed
потрапити,to get
річарде,Richard
забагато,too much
другим,Second
всей,All
ворота,goal
коп,cop
дочка,daughter
відпусти,let go
ммм,mmm
зірки,stars
собака,dog
більшість,majority
вперёд,forward
першого,the first
означает,mean
кращий,better
поїхав,Went
совершенно,Store
муад,MUAD
вирішили,Decided
одяг,clothing
востаннє,last
герой,hero
ліжку,bed
наконец-то,finally
втік,fled
слухати,listen
хочется,It wants
страшного,terrible
друзьями,friends
тата,Dad
дивишся,You look
вечеринку,Evening
замок,Castle
наконец,Those
трішки,a little
делают,Delay
залиште,Leave
месяц,Muscle
нечего,not
солдат,soldier
утра,The morning
вірити,believe
удачи,Sea
сем,seven
інша,another
щасливий,happy
першим,first
доля,fate
жартуєш,You're kidding
леонард,Leonard
сучий,Bowl
певно,probably
розслабся,Relax
видите,See
увагу,attention
курсе,The course
возможность,Inframe
кудись,somewhere
нашёл,Those
смотрите,Stud
убивать,Kill
кольцо,Kolzo
ввиду,at the forefront
погляньте,Look
конце,The end
втратили,lost
понадобится,To be used
помоги,help
связи,Setting
участь,participation
дозволити,Allow
розповів,told
капитан,Capitan
поговорю,I will talk
іншу,another
народу,people
штуку,a piece
приїхали,They arrived
ник,Nick
большая,Bolshaya
переживай,Experience
біль,pain
стіни,Walls
ють,go
семье,Seven
зроблено,done
поверь,Come back
скажите,Say
помилка,error
залишається,It remains
повертайся,Come back
предложение,Presentation
спить,Sleep
подалі,away
пить,He drinks
расскажи,Red
всередину,within
просила,She asked
потрібне,needed
боїшся,You are afraid
систему,system
подобаються,Like
вгору,above
старі,old
дівчат,girls
неделе,Nedle
принеси,Bring
якесь,Something
хорошие,Good
ответ,Out
знаходиться,located
спокойно,calmly
рюй,Rui
дерево,tree
півночі,North
зад,ass
стійте,Stand
случится,will come
правило,rule
знадобиться,It will be needed
больницу,Bolnitsa
стосується,concerns
допомогою,by helping
мова,language
бійся,Fear
сделаешь,You go
сан,dignity
почнемо,Let's start
однієї,one
тій,that
готель,hotel
вважає,believes
вечерю,dinner
каким,Koki
черта,a snooze
решила,She dredged
отримаєш,You get
ехать,Echay
різниця,difference
вбивати,to kill
привести,to bring
замечательно,Fragrant
болить,hurts
своем,to your own
дізнався,learned
справжня,Real
секрет,secret
інформацію,information
получилось,It got caught
зброї,weapons
остання,Last
ресторан,restaurant
залежить,depends
поїдемо,Let's go
намного,Naming
чжи,Zhi
жодної,none
бн,Bn
каву,Coffee
обіцяв,promised
конца,Concepts
смогла,Small
убив,killed
мак,poppy
истории,History
жертва,victim
дружиною,with his wife
мозок,brain
никуда,Nikuda
врятував,Saved
друзями,friends
справ,affairs
будь-ласка,please
подивимося,Let's see
проект,project
миллионов,Millionov
читати,read
оттуда,Ottoud
намагається,tries
декстер,Dexter
минуле,past
поряд,near
продовжуй,Continue
небо,sky
кави,Coffee
бій,fight
дух,spirit
первая,The first one
команду,command
прекрасна,Beautiful
зможете,You can
немедленно,unharmed
например,for example
находится,It is
идём,I am
маленькая,Little
тримайте,Hold
спокойной,calm
кожному,to everyone
купила,Bought
яйця,eggs
дверей,Door
девочки,Devochi
моєму,Mine
познайомитися,to meet
мбт,MBT
сидеть,Side
хотелось,It was meant
ситуація,situation
месяца,Mouse
занят,Classes
ідіот,idiot
проблему,the problem
дивиться,Looks
настоящий,present
решта,rest
шериф,sheriff
відкрити,open
причин,reasons
лист,letter
чуєте,You hear
словами,in words
сделает,Side
голове,Head
подорож,travel
реально,Real
працюєш,You work
девушки,The guns
душ,shower
розум,mind
джеку,Jack
година,hour
стіл,table
лікаря,a doctor
дзвінок,Call
нём,it is
зміни,changes
люк,hatch
гейб,Gabe
музику,Music
документи,Documents
складно,difficult
світла,light
запитання,question
улице,The street
бік,side
жизнью,Life
їхав,He was driving
візьміть,Take it
подзвонити,to call
вважаєш,You think
ребёнка,The baby
єш,Yes
божевільний,crazy
смешно,Thoroughly
благодаря,Grace
едю,Eda
придет,Purchase
меч,sword
чекав,Waited
сказано,It is said
надзвичайно,extremely
позаду,behind
труп,corpse
навсегда,At all
бар,bar
третій,third
обоє,Both
такую,so
разобраться,Roll out
знайди,Find
хотілося,I wanted
живуть,live
просив,Asked
команди,teams
церкви,Church
становится,becomes
забула,Forgot
позвоню,I will
розмовляти,talk
джона,John
забути,forget
президента,President
їде,goes
письмо,writing
добридень,Good afternoon
писати,write
країни,countries
побачимось,See you
жінкою,a woman
поехать,Sweat
контроль,CONTROL
донька,Daughter
вибору,choice
знов,again
райан,Ryan
сержант,sergeant
святого,saint
нашій,ours
гарне,nice
іншими,others
вероятно,Verovy
преступления,Crime
дзвонив,Called
око,eye
близко,Bright
подумать,think
багатьох,many
щрн,Shrrn
вау,wow
нашими,ours
спенсер,Spencer
королем,King
армії,Army
їв,ate
свободу,freedom
зрозуміли,understood
замовкни,Shut up
твоему,Your
збирався,was going
женщину,women
віриш,You believe
кого-нибудь,Someone
ану,Anu
блль,Bl
хорошим,good
парней,Paired
побачимо,Let's see
такої,It is
камеру,Camera
барбі,Barbie
одній,one
ліки,medicine
всеми,All
просил,asked
старк,Stark
девід,David
груди,breast
пошёл,Embrace
мамой,Mom
офис,offs
останнім,last
блин,Blin
зник,disappeared
ушел,Swar
вбивця,The killer
потрібний,necessary
кем-то,Kem
какое-то,Kakoe
брак,Debt
радіо,radio
кимось,by someone
ранее,Ranee
кар,CARE
їду,I go
историю,History
сестру,sister
пісня,song
убити,kill
поганий,poor
хлопцем,guy
таблетки,Tablets
попасть,will get
школа,school
дістати,to get
другую,I am second
похож,Come on
група,group
связь,Sleep
держись,Hold on
почув,Heard
написати,write
сталось,It happened
зла,Evil
перстень,ring
лишень,Only
вбивства,murder
своему,to your own
мамою,Mom
чертовски,Chertov
чекайте,Wait
ятай,Yatay
вопросов,The questions
святий,holy
единственная,Edious
дитя,child
першу,first
працюють,work
пісню,The song
заплатити,pay
поліцію,Police
города,City
кімнати,rooms
речь,Say
самая,Samaya
мертв,Dead
тест,test
забрав,took away
точки,points
шелдон,Sheldon
делала,Dellating
роуз,Rose
никакой,Nicakoy
всюди,throughout
любив,loved
какая-то,Kakaya something
делаем,We delay
чек,check
заберу,I will take away
купил,Swim
рой,Roy
починається,begins
мамі,Mom
карен,Karen
попрошу,I will ask
помощи,Help
делу,Della
уфзн,UFZN
брось,Brody
дурень,fool
іще,Even more
сидить,sits
отличная,Honey
питер,Peter
хи,hi
приблизно,about
явився,appeared
адвоката,lawyer
продолжай,Dolzhai
якими,What
черга,turn
пй,Pu
дехто,some
зло,evil
молодец,Young
вийшла,It came out
їдь,Go
поттер,Potter
підійди,come
стосунки,relationships
уехать,Get
незабаром,soon
розуму,the mind
спитати,ask
ятаєте,You do not
джейн,Jane
впевнені,sure
согласен,Soglasen
оставаться,will remain
дитини,baby
роман,novel
девушку,The girl
лікарю,to the doctor
убила,Killed
решили,They dredged
брехня,lie
морган,Morgan
головою,head
игра,game
дивився,looked
довіряти,trust
цель,CLAIM
рассказала,scattered
іде,goes
продати,sell
робила,did it
цру,CIA
вампир,vampire
рухатися,move
тими,by those
шеф,chief
називають,called
дитиною,baby
платить,pays
поля,fields
дороге,Dear
отримала,Got it
погані,Bad
плани,Plans
принц,prince
йо,Yo
написала,She wrote
мира,Peace
убью,Kind
попробовать,Twist
рухайся,Move
необходимо,We need
грає,plays
молодий,young
знайдеш,You will find
неважно,It doesn't matter
повернення,return
вітання,greeting
ходив,Went
наверх,upstairs
садись,Save
хворий,patient
армія,army
тему,The subject
сожалею,sowing
залишився,remained
кларк,Clark
випадково,accidentally
имел,Imel
недель,Nedel
джен,Jen
родителей,Cups
гораздо,Gorzo
вечірку,party
найбільше,most
потеряла,She shake
відео,video
сенсу,meaning
по-моему,in my opinion
сидів,sat
очередь,Outside
останнє,Last
части,part
принесла,brought
коло,circle
чоловіче,Men's
заняться,will be occupied
бізнес,business
купа,pile
попереду,ahead
одном,one
чорний,black
вирішила,I decided
беру,I take
пройшло,It has passed
джейсон,Jason
ізмаїл,Ishmael
вечеринка,Evening
жену,Woman
відчуваєш,You feel
дасть,will give
всесвіт,universe
обоих,of both of them
касл,CASL
никак,Nikak
значно,much
прошлом,Siege
річард,Richard
їжі,food
передай,Transfer
ділейні,Dileini
захочешь,You want
скоріше,Rather
зобов,Obst
верить,Veriv
двічі,twice
любил,loved
ніякої,No
жила,Lived
вещей,Fire
получила,She received
будь-якому,to anyone
бачить,sees
допомоги,assistance
опасности,Watching
поговори,Talk
первое,First
захист,protection
каждого,Am
робіть,Do
бувайте,Be
нелегко,not easy
прізвище,name
вище,above
отцу,Father
різні,different
настав,It has come
дощ,rain
читав,read
михо,Miho
просить,Asks
узнает,Establite
ублюдок,bastard
сонця,sun
пені,Penny
польщі,Poland
забавно,Funny
долю,fate
плевать,Plevat
встречи,Get
звільнити,to release
оюк,Oyuk
мистера,the artist
закінчив,finished
поздравляю,I congratulate
змогли,They were able to
дівчиною,a girl
состоянии,Sotonia
среди,Age
счет,Schet
закінчиться,will end
зразок,sample
найдем,Nanda
получили,received
ребёнок,The baby
погана,Bad
вечірка,party
деб,Deb
приїхала,She arrived
всесвіту,Universe
сплю,I sleep
половина,half
рівень,level
роду,kind
попросила,She asked
помре,will die
листа,a letter
гостей,guests
дружини,Wives
скрізь,everywhere
прем,prem
боротися,fight
хорош,good
групи,groups
спину,back
часі,time
початок,beginning
уолт,Walt
курс,course
генри,Henry
помощью,help
найбільш,most
тюрьме,Prison
многие,Many
хорошего,good
майя,Maya
душа,soul
сенс,sense
цюм,Those
зміст,content
північ,North
глаз,The eye
повно,full
женщин,women
клер,Claire
мю,mu
бос,boss
бекет,Beckett
залишатися,remain
професор,professor
вовсе,Wolf
цікавить,Interested
красивая,Beautiful
спала,Sleep
бляха,badge
солдати,Soldiers
зняти,withdraw
коннор,Connor
расскажу,Roses
імена,names
використовувати,use
носить,wears
вали,shafts
салли,Sally
ймовірно,probably
місяця,the month
глузду,sense
контролем,control
обед,Over
куплю,I will buy
форму,form
внутрь,Inner
тед,Ted
маме,Mom
вверх,up
потрапив,got it
глупо,stupidly
получается,obtained
слов,words
касается,Cassaua
вуха,ears
боги,The gods
рак,cancer
звонил,Delivered
встреча,Vstretch
статус,status
договорились,Agreened
единственное,Edious
попробуй,Tw you
боці,side
вкрав,stole
позвони,Those
дар,gift
америки,America
адрес,address
подзвоню,I will call
сукин,Sukin
офицер,officer
первой,First
плани,Plans
полицию,Polytia
нуль,zero
питань,issues
док,dock
мов,as
сили,strength
ворог,enemy
самим,by itself
закінчити,to finish
забрал,Removed
відколи,chips
шаг,Step
суду,the court
відповіді,Answers
снаружи,Snaruzhi
мільйон,million
скайлер,Skyler
уяви,Imagine
зайнятий,busy
згідно,according to
моменту,moment
інколи,sometimes
банк,bank
миль,miles
моїми,mine
мер,mayor
банку,the bank
забули,Forgot
думають,think
встречу,I will get
рут,Ruth
собаки,dogs
злотих,zloty
спав,He slept
заниматься,will get down
мільйони,Millions
раді,Council
свидания,Swing
ідеї,Ideas
генерал,general
веришь,You think
всій,All
решту,the rest
штуки,pieces
повернусь,I'll come back
отримає,will get
хорошее,Good
отдай,Read
коштує,is worth it
ісусе,Jesus
кораблі,ships
штани,pants
купи,heap
зовні,outside
продовжувати,continue
твоем,yours
дідька,Did
добрі,Good
позволю,I will allow
матерью,Mater
жоден,none
сенсі,The sense
доверять,They will be completed
лісі,Forest
пустелі,deserts
невдовзі,shortly
огонь,fire
загинув,died
домі,Homes
сильнее,Strong
уперед,ahead
довести,prove
повернешся,You will come back
захочеш,You want
будь-який,Any
платити,pay
ув,Up
самой,Samoy
волі,will
котором,by the one
упевнений,confident
стані,state
напад,attack
джим,Jim
пєя,Pey
сісти,sit down
хан,khan
великим,Great
відділ,department
случайно,Case
вашій,yours
горло,throat
розповім,I will tell
ніс,nose
бене,Ben
однак,however
передати,pass
вполне,Lid
чуваче,Sneak
центрі,Center
самий,very
справжнє,Real
дел,Del
следующей,The traveling
спи,Sleep
кажете,You say
жду,Wait
многое,Many
амінь,amen
явно,obviously
поїдеш,You will go
красиво,beautifully
пишу,I write
тихіше,Hush
встречаться,will be stuck
жертв,victims
покое,Pokoe
бабуся,grandmother
считаешь,You read
помогу,help
все-таки,though
побачите,You will see
їжа,food
спробую,I will try
підходить,Fits
люблять,love
захід,West
діб,days
тварин,Animals
поставити,put
залишу,I will leave
небагато,a bit
бажаєте,Wish
кинути,to quit
вещь,herself
хватает,Grazing
важливе,Important
щаслива,Happy
легче,lightly
позвольте,Allow
понравится,Make you
дурний,stupid
лайна,Lin
проходьте,Go
сержанте,Sergeant
планети,planets
шлюб,marriage
существует,Supervisory
коня,horse
вільний,free
називати,call
голодний,hungry
уходить,enters
компанія,company
пекло,hell
новая,New
дозволу,permission
необхідно,necessary
маленькі,Little
камера,cell
таксі,Taxi
баксів,Bucks
назвав,named
вистачає,There is enough
приехал,Aging
купу,pile
кріс,Chris
позвонил,Ab
дозволю,Allow
слушать,They are going to
постой,stand
останется,Remember
наверняка,Holf
еге,eh
спробуйте,Try
кожна,each
бояться,They are afraid
новое,New
браво,Bravo
нашем,ours
щиро,sincerely
знайомі,familiar
чувствовать,hear
допоміг,Helped
узнала,She learned
частину,part
двери,Doors
вважають,believe
забуду,I will forget
почала,She started
удалось,managed
раза,a time
найди,Find
заставить,will make
разумеется,It is cut
убирайся,Get well
побачу,I will see
украл,Ukraine
мем,meme
троє,three
плохой,Snut
пак,pack
донні,Donny
кінь,horse
неважливо,does not matter
розповідав,He told
убедиться,will be killed
провина,fault
помру,I will die
штук,pieces
платье,Play
беги,Begs
родини,families
кохана,beloved
суть,essence
хаус,House
отпусти,Sweet it
уряд,government
бяе,Buea
справлюсь,I'll cope
вихідні,weekend
волнует,Wave
допомагає,Helps
шум,noise
увидишь,You drive
вернется,Return
вбила,Killed
игру,Game
дорогий,dear
прийду,I will come
офисе,Office
попросил,asked
дни,the days
счастлив,Starred
двигаться,is mounted
віддав,gave
мозку,brain
помітив,noticed
забудьте,Forget
прийдуть,will come
сотні,Hundreds
момента,the moment
їхній,their
лейтенант,lieutenant
діяти,act
милость,mercy
попал,Pour
росіяни,Russians
наближається,is approaching
начальник,head
кончено,Concer
живеш,You live
ближе,Close
плачу,I cry
операції,Operations
ложь,bed
розмови,talk
вечно,Vene
ніде,nowhere
тридцять,thirty
джека,Jack
минулої,past
говоримо,We talk
идиот,Idiot
уб,Ub
правил,rules
вічно,forever
ищу,I will
дістатися,to get to
білий,white
па,pas
контракт,contract
срочно,Right
стан,state
камери,cameras
нових,new ones
бігти,run
майбутнього,the future
собак,dogs
задоволення,pleasure
найкраща,The best
повернулися,returned
тримаю,I keep
керувати,manage
гадаєте,You think
суп,soup
получше,more
женой,Zhenoy
межі,borders
наверху,on top
купол,dome
учитель,teacher
изменить,Named
роберт,Robert
лікарню,Hospital
повільно,slow
моря,sea
заплачу,I'll pay
човен,boat
еямбй,Eyambi
вікна,windows
избавиться,will come out
повернемося,Let's get back
сделку,Sad
грав,played
вмію,I can
пітере,Peter
болю,pain
трапиться,will happen
щасти,Happiness
створити,Create
фунтів,pounds
опусти,Lower
минуло,have passed
начали,They started
майор,major
дозволив,allowed
очах,eyes
помните,Remove
еда,Ed
лемъ,Lem
пройшов,passed
ігри,Games
видимо,visibly
знайде,will find
провели,spent
всём,Everything
містера,Mr.
народився,Born
томми,Tommy
нога,leg
смогли,Smoke
божевілля,madness
исправить,will go
живі,alive
планету,planet
вирішити,solve
бросил,Brosil
сестри,sisters
вашем,Vashem
відсотків,percentage
дітьми,children
обережніше,Go easy
режисер,director
нравятся,They will not
тайлер,Tyler
кьфй,KIFY
виноват,The guilty
куча,The bush
написал,Writing
считает,Reading
йюй,Yui
готелі,Hotels
скотт,Scott
надія,hope
плач,weep
ходили,Went
шматок,piece
прикро,sorry
помог,help
новую,New
звонок,The deck
лично,Person
захищати,protect
ногами,legs
жартую,I kidding
благодарю,I am gratifying
бажаю,I wish
борт,board
радістю,joy
нормі,norm
хён,Hyon
смотрю,Smoke
виходь,Go out
телевізор,TV
какие-то,Kakie
відповісти,answer
зробіть,Do
зупинись,Stop
кинув,threw
аа,AA
прям,straight
відійди,Come on
явиться,will appear
пацан,The kid
наверно,Currently
устал,Ustal
очей,eye
їж,Eat
лінії,lines
справедливо,rightly
вмієш,You can
докази,Evidence
перші,first
такси,Taxes
місцях,places
оставьте,Keep
попросить,will ask
збираємося,We are going
суддя,judge
чувство,sensation
частиною,part
квартира,flat
увидела,Ided
гадав,thought
клара,Clara
ранок,morning
джейкоб,Jacob
каково,Kakkov
живет,lives
візьмемо,Take
концерт,concert
іти,go
общем,General
послав,sent
шукає,looking for
неначе,as though
розмова,conversation
питаю,I ask
використати,use
побачила,She saw
кухні,kitchens
вільна,free
рух,movement
повідомити,report
ху,Huh
меган,Megan
собираемся,We do it
виграв,won
когда-либо,Kogda-Libo
впав,fell
уйду,I will go
дитинко,Baby
змусити,to force
одночасно,simultaneously
ключи,The key
предложил,Predit
привело,brought
припинити,to stop
считаю,I read
рази,times
ребят,Reb
ледь,hardly
водою,with water
скажет,will say
любові,love
защищать,They will shrug
приводу,the drive
зуби,teeth
дивлюся,I look
самолет,Samole
детьми,Demetues
госпожа,Lord
якогось,Someone
смак,taste
недостаточно,Failure
подождать,Pad
курсі,course
главное,Head
жах,horror
встретимся,Get out
виродок,monster
невероятно,Narily
дочери,Doctors
вітер,wind
язані,Audited
будущее,The future
операции,Operations
бобби,Bobba
яний,Yanny
чутки,Rumors
молода,bride
коліна,lap
работаешь,Work
повертатися,turn
яти,I you
друге,Second
нравишься,You get your way
діло,work
четверо,four
країну,country
біллі,Billy
фактично,actually
девушкой,Devat
гю,Guy
секундочку,second
спокої,rest
прошла,She has gone
відповідальність,responsibility
минулому,past
дії,action
ааа,AAA
каком,Kuckle
кількість,number
різних,different
дурня,The fool
обговорити,to discuss
ситуацію,situation
гарри,Harry
результат,result
рей,Ray
бачимо,We see
буквально,literally
лучшее,better
девушек,Devushek
дослідження,research
нож,The knife
листи,letters
усіма,to all
дедушка,Dedishka
кафе,cafe
кинь,Throw
большие,Bolshee
прекрасний,beautiful
ай,Ai
праворуч,right
війні,war
угоду,agreement
шутишь,You shift
ч,h
едем,Eden
напевне,Probably
глибоко,deep
заходи,events
собиралась,She kept
ван,Van
погляд,view
язки,Languages
джереми,Jeremy
списку,List
бабушка,Grandmother
тела,Tel
дин,Din
дракона,Dragon
группа,group
забрала,She took away
ставки,Bids
поняття,concept
малюк,baby
рукою,hand
оставила,She left
розумний,clever
відійдіть,Get away
сходить,goes down
принесли,brought
соромно,ashamed
цілу,whole
сердца,Hearts
мозг,brain
уейворд,Wiward
розмову,The conversation
професоре,Professor
когда-то,The cogd
задницу,The back
сомневаюсь,I am
бесс,Bess
статися,happen
вкусно,tissue
следовало,Head
великих,large
домом,home
допоможеш,You will help
менеджер,manager
вчасно,in time
залишайся,Stay
семь,Seven
частью,a piece
ролі,roles
расслабься,Smoke
домовилися,Agreed
чорна,Black
прокурор,prosecutor
поганого,Bad
видео,Video
скажем,Let's say
отдать,To give
гості,Guests
другому,the second
понравилось,It was paired
менее,Meh
јчй,јchy
сміх,laughter
счастлива,Happy
чекаємо,Looking forward
остался,Restant
пропоную,I propose
стол,Table
отримаєте,Get
шукав,I was looking for
отак,Oh yeah
дурниці,nonsense
увижу,I will be induced
боятися,fear
надії,Hope
мсьє,Monsieur
попросив,asked
беременна,Beremen
разговор,Driving
ма,ma
кому-то,Someone
лица,Face
времена,Time
султано,Sultano
партії,parties
умови,conditions
найкращі,The best
плохая,Squal
брехати,lie
колір,color
получишь,You will get
пайнс,Pines
зустрів,He met
решить,Rounds
приехала,She came
веде,leads
смертю,death
системи,Systems
квіти,Flowers
девчонка,Devchonka
ворога,the enemy
останнього,the last
вижити,survive
собаку,The dog
бизнес,Business
залишили,left
носа,nose
оставайся,Talle
дойль,Doyle
нічим,nothing
попросити,ask
по-твоему,Thus
червоний,red
втомився,Tired
навряд,hardly
деяких,some
віддам,I will give
сбежать,They run
джиммі,Jimmy
перемогти,to win
лабораторії,laboratories
сир,cheese
острова,island
бігом,Running
поклади,deposits
сможете,Smoke
влада,power
енфьоей,Enfyoy
годинник,watch
край,land
чарльз,Charles
молоко,milk
крики,shouting
часів,times
можливості,Opportunities
книжку,The book
метрів,meters
отця,Father
покласти,put
закончили,Outked
хороші,good
помогает,Help
живемо,We live
продолжать,They will
так.,so.
остановись,Out
почекайте,Wait
согласна,Soglass
справжні,Real
принял,Casted
потреби,need
газ,gas
контакт,contact
завести,to get
спал,SPAL
мета,goal
холмс,Holmes
столом,table
устала,got up
розслідування,investigation
очима,eyes
дзвони,The bells
земле,Land
заплатить,will pay
джейку,Jake
картину,Picture
закончится,will get well
помогать,help
починати,start
язаний,Ined
вернись,Come back
решать,They re -ish
судя,Judge
уолтер,Walter
мока,MOCA
ситуації,situation
подивимось,Let's see
ждет,Zhdet
сходи,stairs
прощай,Goodbye
умру,I have a dinner
вдасться,Will succeed
ліпше,better
однако,however
свята,Holidays
какую,Power
сніданок,breakfast
ніг,legs
віку,age
татку,Dad
гору,Mountain
зірок,stars
примерно,frozen
назвати,to name
принимать,They will adhere
сиди,Sit
тоні,Tony
колишній,former
любят,Love
ціну,the price
потеряли,They shaved
йшов,Went
беспокойся,Beza
аніж,nor
полі,poly
лєнка,Lenka
убийстве,muddy
кое,Coe
дах,roof
половиною,half
ходила,Went
тюрьму,Prison
повна,full
сорок,forty
присягаюся,I swear
номера,numbers
заміж,Marriage
доволі,enough
парк,park
желание,Zalana
десяти,ten
сміття,waste
джеймсе,James
мальчика,The fry
відповідає,replies
совет,Sow
шукають,are looking for
подумали,They thought
квитки,Tickets
стріляй,Shoot
автор,author
карту,map
является,It is present
тією,by that
енергії,energy
ситуации,Situations
джерри,Jerry
пропозиція,offer
навчання,teaching
нью-йорка,New York
виходу,the exit
вечера,Evening
поїзд,train
уявляєш,You imagine
компания,Company
жил,vein
іншої,another
миру,Peace
варіант,version
користь,benefit
підуть,will go
дзвонить,calls
ошибка,Oshka
пісні,Songs
покарання,punishment
займатися,engage in
операцію,Operation
бити,beat
папочка,The folder
закончить,will go
ответить,will open
запропонувати,offer
ледве,barely
мнение,Monetius
вибух,explosion
чудові,Wonderful
повернись,Come back
неба,heaven
снять,Sleep
ричард,Richard
пришло,It has come
кожну,everyone
модель,model
маленького,Little
існують,exist
неприятности,Difficulty
знайдуть,will find
бросить,Breaks
однією,one
недалеко,near
напали,They attacked
вряд,Government
золота,Gold
сильна,Strong
даних,data
кидай,Throw
ліс,forest
вдячний,grateful
юн,Yun
повернулася,Returned
дані,data
дурна,stupid
провів,spent
грейс,Grace
нудно,boring
трон,throne
безумовно,certainly
плану,plan
юфбн,Yufbn
псих,psycho
узнали,They found out
єте,Have
інформація,information
померли,died
козел,goat
убивал,Killed
найкращого,the best
билл,Bill
гри,games
девіде,David
кбль,KBL
важкий,heavy
новим,new
південь,South
немов,like
умрет,Umret
чудо,miracle
офіс,office
новина,news
любите,Love
ліворуч,left
змогла,could
веди,Veda
збираються,gather
нечто,not
навпаки,vice versa
мусив,He had to
схожі,Similar
поступить,will come
двоих,Two
пса,PSA
песню,Song
зніми,Remove
пів,half
кровью,Blood
частини,parts
каких,What
їдеш,You go
почалося,began
лме,LME
искал,Iskal
втратити,to lose
жертву,victim
штат,state
якості,Quality
свідчення,testimony
ребекка,Rebecca
здоровий,healthy
одружитися,get married
починає,Starts
делали,They made
хвилює,excites
сумно,sadly
сумку,The bag
приходится,I come
глазах,Eyes
дізнається,learns
мусите,Must
пакет,package
сцену,scene
начнем,Out
погане,Bad
сожалению,Singing
открой,Otkrai
дурні,stupid
шляхом,by
мудак,Asshole
слегка,Sleep
отож,So
довгий,long
лондон,London
займається,engaged in
идут,go
дружище,buddy
квартире,The apartment
кращі,The best
замку,castle
полицейский,Police
гйбфя,Gibfia
повторюю,I repeat
дівчини,Girl
чорні,Black
монстр,Monster
розуміє,understands
разница,Red
подружка,Girlfriend
фотографии,Photographers
закінчили,have finished
пальці,fingers
ешь,Ash
рівні,equal
люб,LOVE
танцювати,dance
газу,gas
сериале,serial
сделано,Sidlano
наодинці,Alone
опасно,Bypass
стиль,style
по-настоящему,in a dawn
первого,first
ятайте,Pit
подивитись,Look
мйб,MIB
кан,Kan
їхніх,their
читала,I read
продав,sell
сміється,laughs
мюл,Mul
воля,will
бежать,flew
уважно,closely
шкодую,I regret
бля,BLA
держаться,are kept
блін,Damage
схожа,Similar
остальное,Abskid
делом,by the name
здурів,Down
працюєте,You work
справиться,Will cope
теми,topics
контролировать,Control
удачі,good luck
кращим,better
по-перше,Firstly
покинути,to leave
виправити,to correct
відповідай,Answer
вогню,fire
внимания,Sun
вкус,Bite
нести,carry
припиніть,stop
зірка,star
проходить,passes
побери,Pay
збрехав,Lied
враження,impression
чак,Chuck
нещасний,unhappy
ісус,Jesus
ендрю,Andrew
поклав,put
читать,Read
несмотря,Nesmotra
уехал,Uehal
осторожно,Orthodox
вважав,believed
послугу,service
корабля,ship
нагорі,on the mountain
битва,battle
использовал,Volsal
мн,Mn
зверху,from above
назвали,named
руш,rush
величність,majesty
всіма,everyone
заборонено,forbidden
здравствуй,Hello
диво,miracle
почуваюся,I feel
спробуємо,Let's try
денні,Danny
встретил,Stretched
закінчується,ends
чжон,Zhon
врешті,Finally
підняти,to raise
зберегти,Save
взглянуть,They will look
дають,give
ям,pits
мертвих,dead
обсудить,will be shocked
свобода,freedom
капітана,Captain
уайт,White
класу,class
честер,Chester
цілі,purposes
губернатор,governor
большинство,Bolshinism
побачить,will see
похожа,Crown
новой,New
поїсти,eat
прибрати,to remove
елена,Elena
сработает,Srabotaeta
майка,Mike
отдел,Out
особливий,special
доказать,prove
двома,two
розумна,clever
коней,horses
чикаго,Chicago
події,events
повірте,Believe me
пельку,The pellet
контролювати,control
качестве,Kachastve
лето,The summer
гляньте,Look
любое,Any
дозвіл,permission
участок,Parts
татко,Dad
имена,name
операция,Operation
прив,creep
предложить,will make
біс,Bis
по-прежнему,In the way
е-е,eh
партнер,partner
заберіть,Take away
везде,Whenever
ліжка,beds
чего-то,Thing something
хмм,hmm
отпечатки,Swing
прекратить,Pick up
маленьку,Little
загинули,They died
відчував,felt
оставлю,I will leave
страху,fear
недостатньо,not enough
баксов,Backs
дізналися,learned
остались,They remained
рейс,flight
рухається,moves
викликати,cause
села,Village
новость,Newness
шелдоне,Sheldone
скучаю,I miss
трошки,A little bit
людині,man
другая,Second
розлучення,divorce
шукаєш,You are looking
продовжуйте,Continue
ясо,Yasa
кишені,pockets
долг,Dolg
спас,Savior
фильм,Film
лео,Leo
ситуация,Situation
родина,family
людства,humanity
егю,Egu
разговаривать,Drug
відкрий,Open
мин,min
маркус,Marcus
мрії,Dreams
врать,Dress
охорони,security
ушли,Gotted
песня,Song
острові,island
сильніше,stronger
товар,goods
ошибку,Oshibka
настоящая,The infusions
боявся,He was afraid
поможешь,You can help
вкрали,They stole
вернулись,They returned
вулицю,street
успіху,success
практично,practically
представляю,I represent
маленьких,little ones
милорд,Milk
войти,WORD
подякувати,thank
дивний,strange
играет,Game
деякий,certain
потерять,They will shake
джудіт,Judith
задоволенням,pleasure
допомагати,help
сином,Son
поеду,Pood
наказав,ordered
майбутньому,the future
причину,The reason
повертається,returns
заметил,Snowstorm
заставил,Casting
власну,own
весьма,Aom
плохие,Sleep
ріку,river
пойдешь,You will go
товаришу,Comrade
привіз,brought
ясувати,to clarify
кино,Kino
відпустіть,Release
зустрілися,met
енджі,Angi
поняли,They came
працювали,worked
адресу,address
стривайте,Hold on
джесси,Jesse
пише,writes
подумайте,Think
приятелю,A friend
захисту,protection
заждіть,Wait
вірус,virus
ютер,Jut
учора,yesterday
прошел,Poshel
свете,The light
звичайний,usual
щасливі,happy
малого,small
вірить,Believes
помилку,a mistake
закрий,Close
отдохнуть,They will go
шефе,Boss
пал,Pal
порно,porn
одежду,clothing
питав,asked
концов,Concer
молодой,Young
даний,present
намагалися,tried
первую,First
розмовляв,Talked
надалі,In the future
одні,one
мимо,by
смотришь,You will be shot
майстер,master
работала,Robotted
столик,table
поесть,Close
пригадую,I remember
поверни,turn
повернися,Come back
управління,management
ятати,to pity
бомба,bomb
начало,The beginning
стояв,stood
ищем,by the way
змінилося,changed
жене,Wheel
берта,Bertha
дорого,dear
країна,country
кількох,several
комната,Comnat
зато,Got
сноу,Snow
розкажіть,Tell us
працюємо,We work
заплатив,paid
болит,Bolit
кордон,border
информацию,Information
машин,cars
закону,law
пусти,to let
вел,Vel
побачили,They saw
едва,Edva
віці,age
власний,own
долі,fate
спали,They slept
запис,record
потрясающе,shaking
оказался,Occupied
підете,Come on
дядька,Uncle
усю,All
сексу,sex
хлопчику,boy
зору,sight
света,Side
спиш,You sleep
отпустить,let go
божа,God
приду,I will come
чотирьох,four
уходите,You enter
фургон,van
твоём,yours
службу,Service
джерело,source
вимагає,requires
постарайся,Try
рівно,exactly
ребенком,Rebenko
небі,heaven
створив,Created
мзн,MZN
оказалось,Occurred
менш,less
боишься,You fight
рікі,Ricky
дупи,The ass
вибуху,an explosion
сподівався,He hoped
живо,vibrate
свадьбу,Wedding
зустріти,to meet
певні,certain
інформації,information
течение,Flow
большую,I am sore
оливер,Oliver
шановний,respected
уряду,government
меті,The purpose
лекарства,Lecaries
земли,Land
хлопчика,boy
дверима,Door
фільму,the movie
емілі,Emily
попала,She got
допоки,until
уникнути,to avoid
работали,robotted
головой,Head
руди,ore
стюарт,Stuart
небудь,either
мёртв,Mittv
нет-нет,Net-no
почнеться,will start
информация,Information
лице,face
завод,plant
саму,herself
способен,the way
перейти,go
відчувати,feel
принца,Prince
офіцер,officer
ящик,box
хороших,good ones
певний,certain
отримаю,I'll get
ответственность,Outline
нью-йорку,New York
собираетесь,Come on
корабль,The ship
счёт,It will
чіпай,Thou shalt
фільмі,movie
имела,Imela
свято,holiday
работой,work
власні,Own
відомий,known
покажіть,Show
вагітна,pregnant
мужчин,men
змінився,changed
вернётся,They come back
ушёл,Swim
боїться,afraid
щасливим,happy
здрастуйте,Hello
че,Che
влади,power
окуляри,glasses
своя,your own
ухожу,I will
ногах,legs
маріє,Marie
слухає,listens
папери,papers
встати,to get up
стіну,wall
зустрінемося,Let's meet
серці,Hearts
беспокоиться,It is asleep
ган,Gan
завтрак,Guard
поскольку,Sleep
силою,by force
королю,to the king
мережі,networks
дивитись,look
склад,storage
воді,water
здатний,capable
осталась,Remained
запросив,invited
особо,Personally
представляешь,You represent
чомусь,for some reason
тікай,Flee
марі,Marie
визнати,to recognize
дядьку,Uncle
привезли,They brought
хвильку,A moment
трясця,shaking
сподобалося,Liked
зона,zone
працювала,She worked
приїхати,arrive
реаъ,Rea
настоящее,Infantry
последняя,Last
чушь,Chush
дерек,Derek
піди,Go
подзвони,Call
різдво,Christmas
захочу,I want to
постріл,shot
починай,Start
операцию,Operation
результати,Results
темна,Dark
тримає,holds
вирок,sentence
узнаю,I determine
бракує,lacks
ф,f
вину,guilty
жениться,They marry
команді,team
чортів,The devil
приехали,They came
учиться,Learn
людство,humanity
карти,cards
звонить,devour
служба,service
спит,Ask
зря,slices
прочь,Turning
ги,gi
возвращайся,Break down
галактики,galaxies
расследование,Issuance
усьому,Everything
турбує,worrying
вибратися,to get out
фз,FZ
задать,Sweat
бензин,gasoline
сильний,strong
сценарій,scenario
керівник,head
перестать,cease
досвід,experience
мозга,brain
позиції,positions
білл,Bill
теорія,theory
проще,Failure
отримує,gets
подходит,come
возвращаться,will be scattered
вбиває,kills
френку,Frank
подобного,likeness
возможности,Insecurity
коїться,is going on
кілометрів,kilometers
дивлячись,looking
купили,bought
сторони,sides
знайомий,familiar
хліб,bread
убьет,War
відпочити,rest
важлива,Important
відповів,answered
марк,Mark
чекали,Waited
призначення,appointment
окно,Okno
упал,Upal
довше,longer
увечері,in the evening
рана,wound
беріть,Take it
джордже,George
разберусь,I will get off
пожалуй,Pity
вспомнить,Squeeze
котра,which
тварини,Animals
уходим,Let's go
придёт,It will
прийняв,accepted
вік,age
поймать,Scale
наркотиками,drugs
спустя,Daddy
операція,operation
заново,newly
футбол,football
дзеркало,mirror
спільного,in common
компанію,Company
владу,power
планеті,planet
таємниці,Secrets
формі,form
бере,take
черту,Handy
определенно,Protected
офіційно,officially
полковник,colonel
обіду,lunch
крутий,steep
зайшов,went
постели,Posters
сбежал,SBOZHAL
збираюсь,I gather
існування,existence
стойте,Stand
грубо,rough
повз,past
занята,Classes
зібрати,to gather
приходять,come
трогай,Troigi
ничто,Night
перевір,check
понад,over
вариант,Variant
пари,pairs
базе,base
турбуйся,Take care
обе,Ob
мо,Mo
тепло,warm
оружия,OROZHIA
позаботиться,get off
трапляється,happens
дженни,Jenna
заплатили,paid
закончил,law
брехун,liar
татом,dad
денни,Danes
воспоминания,Monitoring
привид,ghost
попередження,warning
женщиной,women
столе,Table
ненадовго,for a short time
голоду,hunger
самогубство,suicide
рок,rock
розмовляю,I talk
власного,own
тоби,you
чекала,Waited
париж,Paris
проводить,conducts
почекати,wait for
оператор,operator
рик,roaring
поблизу,near
пей,Pay
закрити,to close
заявление,declaration
залишила,She left
по-моєму,in my opinion
случиться,will happen
кращого,better
казалось,It was said
команде,The team
залишитись,to stay
сонечко,ladybug
звільнення,release
появился,Appeared
добраться,Get out
останусь,Stay
горах,mountains
будьмо,Cheers
достать,Suitable
вірите,Believe
пойдет,will go
закончилось,He was tickle
небеса,heaven
володар,ruler
талант,talent
передать,will pass
начинается,The beginning
подзвонив,Called
дякувати,thank
судья,Judge
кучу,The bush
каждую,I say
тема,topic
просили,asked
першому,first
запропонував,suggested
виглядаю,I look
зможуть,They can
найгірше,worst
взгляд,view
зак,Zak
обещал,Ovechal
навчитися,To learn
готелю,hotel
джорже,George
микки,Mikki
молоді,young people
базу,base
думают,I think
всякий,any
вільні,free
редактор,editor
відношення,relation
діри,holes
впала,It fell
великою,great
полно,full
бережи,Take care
важное,Important
спросил,The failed
яна,Yana
виграти,win
залишишся,You will stay
никита,Nikita
зупиніться,Stop
стороні,side
звіт,report
хід,course
звонила,She devoured
карта,map
рон,Ron
лукас,Lucas
смей,Smay
майоре,Major
грей,Gray
начхати,sneeze
скажімо,Let's say
ціную,I appreciate
заклад,institution
подій,events
директора,Director
спрацює,will work
доказів,evidence
джиме,Jim
держите,Bring
лісу,forest
помреш,You will die
провела,She spent
рай,paradise
анна,Anna
хаос,chaos
дістав,got it
показания,Showing
покинув,left
божевільна,Crazy
плохого,Flat
надовго,for a long time
связано,Sun
бой,boy
марта,Martha
еякх,Eyakh
томасе,Tomase
прочитати,read
танцевать,Dance
міст,bridge
заткнися,Shut up
відправити,send
майами,Mayors
чувствовал,sensation
дітям,Children
довга,Long
коллінз,Collins
дозволяє,allows
чон,chon
обладнання,equipment
подібне,similar
крилі,wings
створили,Created
прошлое,Begged
двумя,Two
рукой,The hand
німці,Germans
шукаємо,Looking for
камер,Camera
відвали,Dumps
можливе,possible
лучшая,Luchshaya
зал,hall
встретились,They set off
поставить,will put
міністр,minister
дихання,breath
образ,image
сумніваюся,I doubt
санні,Sanny
джентльмени,gentlemen
починаємо,We start
любити,like
генерале,General
тримайтеся,Hold on
служити,serve
захоче,He wants
занять,Classes
станеш,You will become
яті,Yati
вітаємо,Congratulations
столі,tables
прийдеш,You will come
старая,Old
красива,Beautiful
запитав,asked
приймати,accept
трое,three
лучшие,Luchshi
шутка,a rust
восемь,Hem
сліди,traces
зламав,broke
мар,Mar
злочину,a crime
обставин,circumstances
хрена,Horse
глава,chapter
вне,not in
чудесно,Wonderful
тони,tones
уши,Ushi
співати,sing
ненадолго,Nonolgo
кошмар,nightmare
одежда,clothes
слухи,Hearing
злочин,crime
іграшки,toys
брешеш,You lie
прибери,Remove
маленьким,Little
людях,people
безпечно,safely
лягай,Lay
заснути,fall asleep
начинаю,I start
тіні,Shadows
убрать,Take it
читаю,I read
пляжі,The beaches
виделись,They look out
попередити,to warn
победить,will be to be trapped
парижі,Paris
бачать,They see
мартін,Martin
розуміти,understand
зробите,Do
адреса,address
уровень,Levels
придумав,came up with
пообіцяв,promised
захочет,Want
останню,Last
отвечать,They will be revealed
півгодини,half an hour
довкола,around
класний,class
вашими,yours
паспорт,passport
нос,Nos
тікати,flee
идешь,You go
тара,container
жертви,victims
вижив,survived
семьей,Semey
обидві,both
будьласка,please
гріхи,sins
написали,wrote
колледж,College
пропозицію,suggestion
хвора,sick
залишилися,remained
закони,Laws
пішло,It went
навчився,He learned
полум,flames
жахливий,horrible
кевин,Kevin
послал,sent
баре,Barr
квиток,ticket